x_centre,y_centre,width,height
402.9537048339844,94.61163330078125,447.5957946777344,113.66998291015625
